INSERT INTO `product_typeproducts` VALUES (1, 'All', 'tất cả', '', 1, '2019-11-08 15:17:48.000000', '2019-11-08 15:17:53.000000', 1);
INSERT INTO `product_typeproducts` VALUES (2, 'Women', 'nữ', '', 0, '2019-11-08 15:18:33.000000', '2019-11-08 15:18:43.000000', 0);
INSERT INTO `product_typeproducts` VALUES (3, 'Men', 'nam', '', 0, '2019-11-08 15:33:23.000000', '2019-11-08 15:33:54.000000', 0);
INSERT INTO `product_typeproducts` VALUES (4, 'Kids', 'trẻ em', '', 0, '2019-11-08 15:33:26.000000', '2019-11-08 15:33:51.000000', 0);
INSERT INTO `product_typeproducts` VALUES (5, 'Accesories', 'Phụ kiện', '', 0, '2019-11-08 15:33:29.000000', '2019-11-08 15:33:49.000000', 0);
INSERT INTO `product_typeproducts` VALUES (6, 'Dresses', 'váy', '', 2, '2019-11-08 15:33:32.000000', '2019-11-08 15:33:46.000000', 2);
INSERT INTO `product_typeproducts` VALUES (7, 'Jacket', 'Áo khoác', '', 2, '2019-11-08 15:33:35.000000', '2019-11-08 15:33:44.000000', 2);
INSERT INTO `product_typeproducts` VALUES (8, 'Pant', 'quần', '', 2, '2019-11-08 15:33:38.000000', '2019-11-08 15:33:41.000000', 2);
INSERT INTO `product_typeproducts` VALUES (9, 'T-Shirt', 'áo sơ mi', '', 3, '2019-11-08 15:34:43.000000', '2019-11-08 15:34:46.000000', 3);
INSERT INTO `product_typeproducts` VALUES (10, 'Jean', 'quần bò', '', 3, '2019-11-08 15:46:33.000000', '0000-00-00 00:00:00.000000', 3);
INSERT INTO `product_typeproducts` VALUES (11, 'Shirt', 'áo trẻ em', '', 4, '2019-11-08 15:46:35.000000', '2019-11-08 15:46:41.000000', 4);
INSERT INTO `product_typeproducts` VALUES (12, 'Pant', 'quần trẻ em', '', 4, '2019-11-08 15:46:44.000000', '2019-11-08 15:46:46.000000', 4);
INSERT INTO `product_typeproducts` VALUES (13, 'Watches', 'đồng hồ', '', 5, '2019-11-08 15:47:52.000000', '2019-11-08 15:47:54.000000', 5);
INSERT INTO `product_typeproducts` VALUES (14, 'Bags', 'Cặp', '', 5, '2019-11-08 15:48:11.000000', '2019-11-08 15:48:14.000000', 5);
INSERT INTO `product_typeproducts` VALUES (15, 'Sunglasses', 'Kính', '', 5, '2019-11-08 15:48:51.000000', '2019-11-08 15:48:54.000000', 5);
INSERT INTO `product_typeproducts` VALUES (16, 'Footerwear', 'giày', '', 5, '2019-11-08 15:50:32.000000', '2019-11-08 15:50:35.000000', 5);
INSERT INTO `product_products`(`id`, `name`, `description`, `unit_price`, `promotion_price`, `inventory`, `unit`, `active`, `created_at`, `updated_at`, `TypeProducts_id`, `image`, `new`) VALUES (1, 'Dress1', 'main', 500000, 0, 0, 'chiếc', 0, '2019-11-12 10:54:12.000000', '2019-11-12 10:54:16.000000', 6, 'dress1.jpg', 0);
INSERT INTO `product_products`(`id`, `name`, `description`, `unit_price`, `promotion_price`, `inventory`, `unit`, `active`, `created_at`, `updated_at`, `TypeProducts_id`, `image`, `new`) VALUES (3, 'Dress2', 'main', 550000, 350000, 0, 'chiếc', 0, '2019-11-12 10:54:18.000000', '2019-11-12 10:54:21.000000', 6, 'dress2.jpg', 1);
INSERT INTO `product_products`(`id`, `name`, `description`, `unit_price`, `promotion_price`, `inventory`, `unit`, `active`, `created_at`, `updated_at`, `TypeProducts_id`, `image`, `new`) VALUES (8, 'Dress3', 'main', 700000, 0, 0, 'chiếc', 0, '2019-11-12 10:54:23.000000', '2019-11-12 10:54:26.000000', 6, 'dress3a.jpg', 0);
INSERT INTO `product_products`(`id`, `name`, `description`, `unit_price`, `promotion_price`, `inventory`, `unit`, `active`, `created_at`, `updated_at`, `TypeProducts_id`, `image`, `new`) VALUES (10, 'Dress4', 'main', 1000000, 0, 0, 'chiếc', 0, '2019-11-12 11:01:49.000000', '2019-11-12 11:01:52.000000', 6, 'dress4a.jpg', 0);
INSERT INTO `product_products`(`id`, `name`, `description`, `unit_price`, `promotion_price`, `inventory`, `unit`, `active`, `created_at`, `updated_at`, `TypeProducts_id`, `image`, `new`) VALUES (11, 'Dress5', 'main', 2500000, 0, 0, 'chiếc', 0, '2019-11-12 11:02:37.000000', '2019-11-12 11:02:43.000000', 6, 'dress5a.jpg', 0);
INSERT INTO `product_products`(`id`, `name`, `description`, `unit_price`, `promotion_price`, `inventory`, `unit`, `active`, `created_at`, `updated_at`, `TypeProducts_id`, `image`, `new`) VALUES (12, 'Dress6', 'main', 200000, 0, 0, 'chiếc', 0, '2019-11-12 11:03:38.000000', '2019-11-12 11:03:40.000000', 6, 'dress6a.jpg', 0);
INSERT INTO `product_products`(`id`, `name`, `description`, `unit_price`, `promotion_price`, `inventory`, `unit`, `active`, `created_at`, `updated_at`, `TypeProducts_id`, `image`, `new`) VALUES (13, 'Dress7', 'main', 535000, 500000, 0, 'chiếc', 0, '2019-11-12 11:04:37.000000', '2019-11-12 11:04:40.000000', 6, 'dress7a.jpg', 1);
INSERT INTO `product_products`(`id`, `name`, `description`, `unit_price`, `promotion_price`, `inventory`, `unit`, `active`, `created_at`, `updated_at`, `TypeProducts_id`, `image`, `new`) VALUES (14, 'Dress8', 'main', 1250000, 0, 0, 'chiếc', 0, '2019-11-12 11:05:27.000000', '2019-11-12 11:05:30.000000', 6, 'dress8a.jpg', 1);
INSERT INTO `product_products`(`id`, `name`, `description`, `unit_price`, `promotion_price`, `inventory`, `unit`, `active`, `created_at`, `updated_at`, `TypeProducts_id`, `image`, `new`) VALUES (20, 'Dress9', 'main', 200000, 0, 0, 'chiếc', 0, '2019-11-12 12:14:34.000000', '2019-11-12 12:14:37.000000', 6, 'dress10a.jpg', 1);
INSERT INTO `product_products`(`id`, `name`, `description`, `unit_price`, `promotion_price`, `inventory`, `unit`, `active`, `created_at`, `updated_at`, `TypeProducts_id`, `image`, `new`) VALUES (21, 'Dress10', 'main', 100000, 25000, 0, 'chiếc', 0, '2019-11-12 13:50:54.000000', '2019-11-12 13:50:57.000000', 6, 'dress9a.jpg', 0);
INSERT INTO `product_products`(`id`, `name`, `description`, `unit_price`, `promotion_price`, `inventory`, `unit`, `active`, `created_at`, `updated_at`, `TypeProducts_id`, `image`, `new`) VALUES (22, 'Jacket1', 'main', 10000, 25000, 0, 'chiếc', 0, '2019-11-12 14:32:48.000000', '2019-11-12 14:32:51.000000', 7, 'jacket1a.jpg', 1);
INSERT INTO `product_products`(`id`, `name`, `description`, `unit_price`, `promotion_price`, `inventory`, `unit`, `active`, `created_at`, `updated_at`, `TypeProducts_id`, `image`, `new`) VALUES (24, 'Jacket2', 'main', 700000, 0, 0, 'chiếc', 0, '2019-11-12 14:34:08.000000', '2019-11-12 14:34:12.000000', 7, 'jacket2a.jpg', 0);
INSERT INTO `product_products`(`id`, `name`, `description`, `unit_price`, `promotion_price`, `inventory`, `unit`, `active`, `created_at`, `updated_at`, `TypeProducts_id`, `image`, `new`) VALUES (26, 'jacket3', 'main', 1234560, 100000, 0, 'chiếc', 0, '2019-11-12 14:35:34.000000', '2019-11-12 14:35:36.000000', 7, 'jacket3a.jpg', 0);
INSERT INTO `product_products`(`id`, `name`, `description`, `unit_price`, `promotion_price`, `inventory`, `unit`, `active`, `created_at`, `updated_at`, `TypeProducts_id`, `image`, `new`) VALUES (28, 'Jacket4', 'main', 1000000, 500000, 0, 'chiếc', 0, '2019-11-12 14:41:34.000000', '2019-11-12 14:41:37.000000', 7, 'jacket4a.jpg', 1);
INSERT INTO `product_products`(`id`, `name`, `description`, `unit_price`, `promotion_price`, `inventory`, `unit`, `active`, `created_at`, `updated_at`, `TypeProducts_id`, `image`, `new`) VALUES (29, 'Jacket5', 'main', 1300000, 1250000, 0, 'chiếc', 0, '2019-11-12 14:42:25.000000', '2019-11-12 14:42:28.000000', 7, 'jacket5a.jpg', 1);
INSERT INTO `home_slide` VALUES (1, 'Hello World JD 2019', 'Python','', 'master-slide-02.jpg');
INSERT INTO `home_slide` VALUES (2, 'Hello World JD 2019', 'Just Django','', 'master-slide-07.jpg');
INSERT INTO `home_slide` VALUES (3, 'Hello World JD 2019', 'Hello World','', 'master-slide-04.jpg');
